dataset,margin_type,agegroup,region,estimate,std_error,variance,ci_lower,ci_upper,cv,n_unweighted,weighted_total
hnir52,direct_age_by_region,25-34,ATLANTIDA,0.21619933822651005,0.030971365928150276,9.592255074553878e-4,0.15549657645532458,0.2769020999976955,0.14325374990603285,196,215.153073
hnir52,direct_age_by_region,20-24,ATLANTIDA,0.34513188277229123,0.05087428609784019,0.0025881929859648957,0.24542011428133773,0.44484365126324477,0.14740535035242075,106,117.494952
hnir52,direct_age_by_region,<19,ATLANTIDA,0.28969128908884895,0.059525849182468525,0.003543326720893989,0.17302276854204765,0.4063598096356502,0.20548028685878716,34,39.86619699999999
hnir52,direct_age_by_region,35+,ATLANTIDA,0.15925555298977426,0.025496428901765074,6.500678867427614e-4,0.1092834706079286,0.20922763537161992,0.16009758167366503,162,175.4284699999999
hnir52,direct_age_by_region,25-34,CHOLUTECA,0.2817611687778348,0.02913890996928904,8.490760741983321e-4,0.22464995468927318,0.3388723828663964,0.10341705386757787,226,239.1344459999998
hnir52,direct_age_by_region,20-24,CHOLUTECA,0.3561946854104868,0.050786025976803865,0.002579220434516597,0.2566559035780357,0.45573346724293795,0.14257940406459715,97,102.9866180000001
hnir52,direct_age_by_region,<19,CHOLUTECA,0.4476253926971388,0.11169594085821377,0.01247598320420159,0.228705371395724,0.6665454139985536,0.24952994776546716,38,42.476118
hnir52,direct_age_by_region,35+,CHOLUTECA,0.2906561707737645,0.03940986655100341,0.0015531375815678976,0.21341425169826805,0.3678980898492609,0.13558929936388148,226,234.29659799999988
hnir52,direct_age_by_region,25-34,COLON,0.36263547412949737,0.02954545693635022,8.729340255777254e-4,0.3047274426274718,0.42054350563152293,0.08147426008796789,199,137.74465700000002
hnir52,direct_age_by_region,20-24,COLON,0.31137653754984035,0.0433573495347087,0.0018798597586749046,0.22639769399669685,0.39635538110298385,0.13924411221179028,113,78.87223999999996
hnir52,direct_age_by_region,<19,COLON,0.27332123422305843,0.061976716067730614,0.003841113334540098,0.15184910285024159,0.3947933655958753,0.22675412045429005,48,31.631527000000013
hnir52,direct_age_by_region,35+,COLON,0.3665649270792645,0.03571560834094633,0.001275604679163875,0.2965636210450714,0.43656623311345766,0.0974332395232764,186,127.78244599999988
hnir52,direct_age_by_region,25-34,COMAYAGUA,0.3109215407082383,0.034909082138350686,0.001218644015742115,0.24250099698372046,0.37934208443275613,0.11227617764543556,249,239.39590300000012
hnir52,direct_age_by_region,20-24,COMAYAGUA,0.39170776975816957,0.03497233125975707,0.0012230639537421817,0.32316326003364143,0.4602522794826977,0.08928168895232307,159,154.70511099999987
hnir52,direct_age_by_region,<19,COMAYAGUA,0.33574692735963757,0.07795757317643456,0.00607738321555915,0.1829528916116801,0.48854096310759504,0.23219147168227033,44,41.63983899999999
hnir52,direct_age_by_region,35+,COMAYAGUA,0.3026128342947496,0.029906845199489614,8.94419389786235e-4,0.24399649481253538,0.36122917377696384,0.09882874025878188,235,217.10331999999997
hnir52,direct_age_by_region,25-34,COPAN,0.375024438276895,0.034790391684003885,0.0012103713535264067,0.3068365235682056,0.4432123529855844,0.09276833222883676,242,178.01991599999994
hnir52,direct_age_by_region,20-24,COPAN,0.3787299687118959,0.0334165459492347,0.0011166655431773139,0.3132347421636681,0.4442251952601237,0.0882331706225631,166,118.71540599999999
hnir52,direct_age_by_region,<19,COPAN,0.49656064998486876,0.07364148416952708,0.005423068190690708,0.3522259932445192,0.6408953067252183,0.14830310088359014,48,33.757832
hnir52,direct_age_by_region,35+,COPAN,0.41698156698421146,0.04659823456912795,0.002171395464959471,0.3256507054855714,0.5083124284828515,0.1117513057139342,210,151.65619299999992
hnir52,direct_age_by_region,25-34,CORTES,0.21528067670738796,0.016488719261786567,2.7187786289401136e-4,0.18296338080309443,0.24759797261168148,0.07659172905796013,543,1054.1726199999991
hnir52,direct_age_by_region,20-24,CORTES,0.293866799672082,0.03246770509988153,0.0010541518744528733,0.23023126701564678,0.35750233232851725,0.11048442742123767,249,479.2025439999998
hnir52,direct_age_by_region,<19,CORTES,0.3982304608643779,0.06310722288178805,0.003982521579851673,0.2745425768517314,0.5219183448770245,0.1584691003917954,56,102.07313099999996
hnir52,direct_age_by_region,35+,CORTES,0.2574335283944377,0.020991044479186188,4.4062394832717293e-4,0.21629183721735448,0.298575219571521,0.0815396681625086,373,687.0016469999999
hnir52,direct_age_by_region,25-34,EL PARAISO,0.2308838919220324,0.03119581132379073,9.7317864414955e-4,0.1697412252588958,0.292026558585169,0.13511471529735516,229,220.41802299999983
hnir52,direct_age_by_region,20-24,EL PARAISO,0.26021038899905957,0.03765943007808233,0.0014182326738059723,0.18639926236771379,0.3340215156304054,0.14472685054176848,131,129.42188099999998
hnir52,direct_age_by_region,<19,EL PARAISO,0.3271995768379856,0.0940169709874854,0.008839190833661673,0.14292969976696712,0.5114694539090041,0.2873383025004288,33,31.346858999999995
hnir52,direct_age_by_region,35+,EL PARAISO,0.2589952457300303,0.024398508826562096,5.952872329598285e-4,0.211175047153486,0.3068154443065746,0.09420446602326611,226,219.2675229999998
hnir52,direct_age_by_region,25-34,FRANCISCO MORAZAN,0.2381678508372373,0.019000315168887477,3.6101197651705553e-4,0.20092791741130778,0.2754077842631668,0.07977699383898877,510,819.6305139999993
hnir52,direct_age_by_region,20-24,FRANCISCO MORAZAN,0.26254843398855293,0.0297191499031802,8.832278709676957e-4,0.20429997052717272,0.3207968974499331,0.1131949235106691,259,396.4819040000006
hnir52,direct_age_by_region,<19,FRANCISCO MORAZAN,0.3644523900051026,0.04532732922532878,0.0020545667747013446,0.2756124572080684,0.4532923228021368,0.12437105769753401,75,132.41216500000002
hnir52,direct_age_by_region,35+,FRANCISCO MORAZAN,0.191793192775735,0.018087409506738025,3.271543826644371e-4,0.1563425215689011,0.2272438639825689,0.09430683771914547,458,751.8852619999999
hnir52,direct_age_by_region,25-34,INTIBUCA,0.3995515650308663,0.02896020363635938,8.38693394659403e-4,0.34279060891865604,0.4563125211430766,0.07248176748881495,294,117.6215140000001
hnir52,direct_age_by_region,20-24,INTIBUCA,0.591053440951155,0.02848751309785224,8.115384025003028e-4,0.5352189412702515,0.6468879406320585,0.04819786355022077,171,66.94207200000002
hnir52,direct_age_by_region,<19,INTIBUCA,0.6625765656903044,0.07984542714543111,0.006375292236036347,0.5060824041550427,0.8190707272255662,0.12050747231339863,36,15.460417
hnir52,direct_age_by_region,35+,INTIBUCA,0.5038485770957903,0.041161112476719545,0.0016942371803211574,0.4231742790778178,0.5845228751137629,0.08169341811774951,220,88.70161399999994
hnir52,direct_age_by_region,25-34,LA PAZ,0.38650943446226965,0.03287510280502909,0.0010807723844412315,0.32207541697636094,0.45094345194817836,0.08505640451122881,275,108.48922500000015
hnir52,direct_age_by_region,20-24,LA PAZ,0.4340994396355975,0.04426069656835085,0.0019590092607156247,0.34735006843097427,0.5208488108402207,0.10195981041925614,119,47.802286999999986
hnir52,direct_age_by_region,<19,LA PAZ,0.3315338214754002,0.07219554901816706,0.005212197298034563,0.19003314555569678,0.47303449739510367,0.2177622442768602,35,13.329725999999997
hnir52,direct_age_by_region,35+,LA PAZ,0.3942406101527497,0.02713788139251127,7.364646064740094e-4,0.34105134000670795,0.44742988029879144,0.0688358344971022,219,84.88104000000007
hnir52,direct_age_by_region,25-34,LEMPIRA,0.49482124626002283,0.032530011721861395,0.0010582016626244398,0.43106359486850876,0.5585788976515369,0.06574093567673375,241,140.69137799999996
hnir52,direct_age_by_region,20-24,LEMPIRA,0.5210494958455014,0.027409966017851055,7.513062370997496e-4,0.4673269496330466,0.5747720420579563,0.05260530186939956,166,94.90602599999991
hnir52,direct_age_by_region,<19,LEMPIRA,0.501118443739484,0.07694834436538671,0.005921047700574141,0.3503024601133405,0.6519344273656276,0.153553207483598,39,22.192891
hnir52,direct_age_by_region,35+,LEMPIRA,0.5518392724829914,0.033077687526042884,0.001094133412070533,0.4870081962400775,0.6166703487259052,0.059940800112341396,223,127.71264300000004
hnir52,direct_age_by_region,25-34,OCOTEPEQUE,0.36206806122755564,0.03836287535434913,0.001471710205453328,0.2868782071896321,0.4372579152654792,0.10595487275039844,206,74.37729500000009
hnir52,direct_age_by_region,20-24,OCOTEPEQUE,0.4731076352397393,0.045988908911388855,0.0021149797428600212,0.382971030085124,0.5632442403943546,0.09720601716369416,139,50.12108500000006
hnir52,direct_age_by_region,<19,OCOTEPEQUE,0.4302841583234345,0.09091734073831535,0.008265962846926937,0.25208944490618024,0.6084788717406887,0.2112960446709612,32,11.635977999999998
hnir52,direct_age_by_region,35+,OCOTEPEQUE,0.45385441711382796,0.04378632061644224,0.0019172418731258749,0.3680348056900775,0.5396740285375784,0.09647657699332363,192,68.25666300000003
hnir52,direct_age_by_region,25-34,OLANCHO,0.3189854598631579,0.02434165209449493,5.925160266894295e-4,0.2712766984337439,0.3666942212925719,0.07630959763789012,266,270.8749610000001
hnir52,direct_age_by_region,20-24,OLANCHO,0.44718351848853616,0.037259818352921956,0.0013882940636927399,0.37415561644630463,0.5202114205307677,0.08332109036321099,149,148.68670300000002
hnir52,direct_age_by_region,<19,OLANCHO,0.3599710524260731,0.06909034592579887,0.004773475900146552,0.2245564627320937,0.4953856421200524,0.1919330608951893,54,55.754586
hnir52,direct_age_by_region,35+,OLANCHO,0.36951096567505304,0.028272986081044067,7.993617419389115e-4,0.31409693122080445,0.4249250001293016,0.07651460635110693,222,219.04456299999995
hnir52,direct_age_by_region,25-34,SANTA BARBARA,0.2806237480931144,0.03126752948026431,9.776583997991976e-4,0.219340516426252,0.34190697975997686,0.11142153753106226,216,215.79230700000002
hnir52,direct_age_by_region,20-24,SANTA BARBARA,0.34469934127891516,0.044440993572132825,0.001975001909678351,0.2575965944403588,0.4318020881174715,0.12892683057428062,129,122.21576299999997
hnir52,direct_age_by_region,<19,SANTA BARBARA,0.524135050646316,0.06261766549742473,0.003920972032347376,0.4014066814753873,0.6468634198172448,0.1194685709727107,47,43.24608700000002
hnir52,direct_age_by_region,35+,SANTA BARBARA,0.3787028035945216,0.036500749901332084,0.0013323047433595942,0.3071626483792068,0.45024295880983634,0.09638362735865448,199,188.53268400000005
hnir52,direct_age_by_region,25-34,VALLE,0.35669449236081946,0.0377010073803415,0.0014213659574925646,0.28280187571447135,0.43058710900716757,0.10569551307286378,201,91.22084499999994
hnir52,direct_age_by_region,20-24,VALLE,0.3938360501333289,0.04108019787070479,0.0016875826570962585,0.3133203418289685,0.4743517584376893,0.10430786581573104,123,55.58322299999998
hnir52,direct_age_by_region,<19,VALLE,0.4081027986417094,0.1047885873275015,0.010980648034093408,0.2027209414889762,0.6134846557944426,0.25677007772617555,32,14.429607000000003
hnir52,direct_age_by_region,35+,VALLE,0.346220756754475,0.03652336436241126,0.001333956144349453,0.27463627800991525,0.41780523549903475,0.10549155026055262,176,79.22051600000003
hnir52,direct_age_by_region,25-34,YORO,0.31007043830468656,0.025743387261548675,6.627219876980666e-4,0.25961432643198395,0.36052655017738916,0.08302431990066812,273,343.5010270000002
hnir52,direct_age_by_region,20-24,YORO,0.39586735463360817,0.046419172138392965,0.002154739542013758,0.3048874490501929,0.48684726021702346,0.11725940923154893,145,183.57800699999987
hnir52,direct_age_by_region,<19,YORO,0.2555170192857625,0.06591495088975692,0.0043447807507990665,0.12632608949911256,0.3847079490724124,0.25796696859569906,38,45.79927800000001
hnir52,direct_age_by_region,35+,YORO,0.29594771679593257,0.026207994181453555,6.868589590151034e-4,0.24458099209324832,0.3473144414986168,0.08855616277494374,202,248.0225959999999
hnir62,direct_age_by_region,25-34,ATLANTIDA,0.16846892947503722,0.026357289534649643,6.947067116133516e-4,0.11680959125702946,0.220128267693045,0.1564519322155194,251,245.69816600000007
hnir62,direct_age_by_region,20-24,ATLANTIDA,0.22029594132282881,0.03351518620311175,0.0011232677062292524,0.15460738342957608,0.28598449921608154,0.15213710248977086,122,118.64757400000005
hnir62,direct_age_by_region,<19,ATLANTIDA,0.2635611768091236,0.06518149403969217,0.004248627165246426,0.1358077960328148,0.39131455758543243,0.2473106806883699,55,55.19970800000002
hnir62,direct_age_by_region,35+,ATLANTIDA,0.18934970091854927,0.032596231312952244,0.0010625142958074884,0.12546226151342615,0.2532371403236724,0.17214831158869298,208,212.22613400000023
hnir62,direct_age_by_region,25-34,CHOLUTECA,0.15551912651527,0.025495244215222538,6.500074775938383e-4,0.10554936607638069,0.20548888695415932,0.16393639024663137,249,231.1312300000003
hnir62,direct_age_by_region,20-24,CHOLUTECA,0.2282297630436635,0.03565888181753715,0.0012715558524770817,0.1583396389523205,0.2981198871350065,0.1562411551499316,145,132.16367400000004
hnir62,direct_age_by_region,<19,CHOLUTECA,0.18356166386333092,0.05181862289989033,0.0026851696792410387,0.08199902925108342,0.2851242984755784,0.28229545216190344,47,44.45894000000001
hnir62,direct_age_by_region,35+,CHOLUTECA,0.22286451228093757,0.03164841294739749,0.001001622042088997,0.16083476273618738,0.2848942618256878,0.1420074134885247,265,246.1343820000001
hnir62,direct_age_by_region,25-34,COLON,0.24029000055352148,0.028341762482216856,8.03255500598395e-4,0.18474116682998792,0.29583883427705504,0.11794815604864962,222,162.017208
hnir62,direct_age_by_region,20-24,COLON,0.25737441574958725,0.0332060769880365,0.0011026435489354073,0.19229170078517144,0.32245713071400306,0.12901856189289768,172,124.0985429999999
hnir62,direct_age_by_region,<19,COLON,0.25352444104277616,0.04751198922647984,0.002257389120257136,0.16040265332502063,0.3466462287605317,0.18740595199049598,69,52.09209000000004
hnir62,direct_age_by_region,35+,COLON,0.2550013288212117,0.035405683299919756,0.0012535624099342167,0.18560746470533773,0.32439519293708563,0.13884509333182196,213,150.47170999999997
hnir62,direct_age_by_region,25-34,COMAYAGUA,0.24942305430918552,0.026574415573386564,7.061995630670504e-4,0.19733815687514755,0.3015079517432235,0.10654354164248524,291,327.53862799999956
hnir62,direct_age_by_region,20-24,COMAYAGUA,0.21463231404123234,0.03668858212661554,0.0013460520584614134,0.14272401442922594,0.28654061365323874,0.17093689871678602,140,151.905556
hnir62,direct_age_by_region,<19,COMAYAGUA,0.2966869570777632,0.06675492193732599,0.004456219602858486,0.16584971428982154,0.4275241998657049,0.22500120192283737,52,53.81376099999998
hnir62,direct_age_by_region,35+,COMAYAGUA,0.21921236261767882,0.027721363128278973,7.68473973689905e-4,0.16487948928389545,0.2735452359514622,0.12645894053259626,220,239.17678899999984
hnir62,direct_age_by_region,25-34,COPAN,0.2305523585562841,0.026230863443354704,6.880581969839222e-4,0.1791408109239206,0.2819639061886476,0.1137739974017704,247,225.8862990000001
hnir62,direct_age_by_region,20-24,COPAN,0.26519812018706296,0.037411883972971016,0.0013996490624070457,0.19187217500624854,0.3385240653678774,0.14107145234129778,136,120.18323499999988
hnir62,direct_age_by_region,<19,COPAN,0.2891540542175258,0.056262806713554166,0.0031655034192867556,0.17888097938982134,0.3994271290452303,0.1945772708109034,55,47.119450000000015
hnir62,direct_age_by_region,35+,COPAN,0.2468063179893076,0.027080244230269356,7.333396275710368e-4,0.1937300146054311,0.2998826213731841,0.10972265398587792,203,177.3081190000001
hnir62,direct_age_by_region,25-34,CORTES,0.19542426149148143,0.019685900355754873,3.875346728167098e-4,0.15684060579095765,0.2340079171920052,0.10073416783316326,487,920.2743539999997
hnir62,direct_age_by_region,20-24,CORTES,0.24458862155214894,0.026456246892823235,6.999329996540191e-4,0.1927353304761157,0.2964419126281822,0.10816630276965879,259,456.94355400000035
hnir62,direct_age_by_region,<19,CORTES,0.3347460388152467,0.06259214765001882,0.0039177769474417565,0.2120676837061965,0.45742439392429696,0.18698398305637523,77,151.64118499999998
hnir62,direct_age_by_region,35+,CORTES,0.20084059077701372,0.020166948138476946,4.067057972200187e-4,0.16131409874751185,0.2403670828065156,0.10041271069983858,454,843.9709540000007
hnir62,direct_age_by_region,25-34,EL PARAISO,0.15411880203485803,0.021074839450274562,4.44148857854849e-4,0.11281287573235599,0.19542472833736008,0.136744116694522,283,265.1819729999997
hnir62,direct_age_by_region,20-24,EL PARAISO,0.2257404566100974,0.02962389576385639,8.775752002278285e-4,0.16767868783117024,0.28380222538902455,0.13122989210136696,125,111.69222999999992
hnir62,direct_age_by_region,<19,EL PARAISO,0.12916518555803816,0.048014995294467684,0.002305439773127754,0.03505752406302136,0.22327284705305495,0.3717332583623547,51,44.007013000000015
hnir62,direct_age_by_region,35+,EL PARAISO,0.1824388777500257,0.02484538773974031,6.172932919380382e-4,0.1337428125982017,0.23113494290184972,0.1361847214045188,255,242.59807200000034
hnir62,direct_age_by_region,25-34,FRANCISCO MORAZAN,0.18803342097298625,0.02054982944958113,4.2229549040687195e-4,0.14775649536336669,0.22831034658260582,0.10928817517250518,505,847.8802819999984
hnir62,direct_age_by_region,20-24,FRANCISCO MORAZAN,0.19725701695440462,0.02964455244107678,8.787994894317513e-4,0.1391547618320852,0.25535927207672404,0.1502838930588159,219,380.0938549999999
hnir62,direct_age_by_region,<19,FRANCISCO MORAZAN,0.3923541751259674,0.0714952369405637,0.005111568905187345,0.2522260856563049,0.5324822645956299,0.18222117024142734,60,97.89274699999999
hnir62,direct_age_by_region,35+,FRANCISCO MORAZAN,0.17543031967309136,0.02140404374515895,4.5813308864467797e-4,0.13347916480906002,0.2173814745371227,0.12200880546216117,489,855.3651459999974
hnir62,direct_age_by_region,25-34,GRACIAS A DIOS,0.2910609436277329,0.03762896679669402,0.0014159391421867012,0.21730952393075909,0.3648123633247067,0.12928208892506546,146,44.68516399999999
hnir62,direct_age_by_region,20-24,GRACIAS A DIOS,0.442550847157358,0.05505928490932571,0.003031524854726302,0.3346366317205499,0.550465062594166,0.12441346630107852,98,30.70692800000001
hnir62,direct_age_by_region,<19,GRACIAS A DIOS,0.3587511086007832,0.09506374009915348,0.009037114681639402,0.17242960177076627,0.5450726154308001,0.26498521626853017,37,11.842630999999997
hnir62,direct_age_by_region,35+,GRACIAS A DIOS,0.33727360986540567,0.043664418407848814,0.0019065814348956864,0.25169292238013424,0.4228542973506771,0.12946289638633093,117,35.918968000000014
hnir62,direct_age_by_region,25-34,INTIBUCA,0.245928591174486,0.03969300483148298,0.0015755346325521309,0.16813173126660505,0.32372545108236694,0.16140052948671121,252,129.35768000000007
hnir62,direct_age_by_region,20-24,INTIBUCA,0.28211522286352564,0.05176221178345863,0.0026793265687156233,0.18066315200781197,0.3835672937192393,0.1834789745057423,125,58.94593999999997
hnir62,direct_age_by_region,<19,INTIBUCA,0.3468796480137362,0.07635258034819224,0.005829716525827152,0.19723134040457876,0.49652795562289365,0.22011259751154016,40,17.875242999999994
hnir62,direct_age_by_region,35+,INTIBUCA,0.3412935095784138,0.03995679916457813,0.0015965457994784316,0.2629796222783406,0.419607396878487,0.11707459428084396,218,104.44312300000011
hnir62,direct_age_by_region,25-34,ISLAS DE LA BAHIA,0.14783023396522227,0.02910252638860183,8.46957042199266e-4,0.09079033038443618,0.20487013754600836,0.1968645087543346,146,43.19509499999998
hnir62,direct_age_by_region,20-24,ISLAS DE LA BAHIA,0.2198214750174816,0.06712855743196204,0.004506243222896226,0.08825192011670746,0.3513910299182557,0.3053776134775893,75,23.817954999999998
hnir62,direct_age_by_region,<19,ISLAS DE LA BAHIA,0.5193238828953062,0.1042175433210118,0.01086129633586697,0.3150612514288803,0.723586514361732,0.20067928079868738,15,5.073204000000001
hnir62,direct_age_by_region,35+,ISLAS DE LA BAHIA,0.17646651365477795,0.04861233860488276,0.002363159464635775,0.08118808078494168,0.27174494652461423,0.275476279312591,92,27.198757999999994
hnir62,direct_age_by_region,25-34,LA PAZ,0.26310284531159983,0.02649871672521411,7.02181988083142e-4,0.21116631489365104,0.31503937572954865,0.10071619215607859,268,119.67427399999995
hnir62,direct_age_by_region,20-24,LA PAZ,0.27288402577585547,0.04607203536255926,0.0021226324424489106,0.18258449577078356,0.36318355578092737,0.16883375724016333,151,69.662557
hnir62,direct_age_by_region,<19,LA PAZ,0.29316185348821655,0.05862304445181411,0.0034366613407993737,0.17826279769857029,0.4080609092778628,0.19996818738277772,53,24.044264
hnir62,direct_age_by_region,35+,LA PAZ,0.27044453331389584,0.03256140750711489,0.001060245258844398,0.20662534731401855,0.33426371931377313,0.12039957734816538,224,96.12852099999985
hnir62,direct_age_by_region,25-34,LEMPIRA,0.3546322106783059,0.04112870714199911,0.0016915705511723284,0.2740214259492924,0.4352429954073194,0.11597566691229803,237,156.37270200000012
hnir62,direct_age_by_region,20-24,LEMPIRA,0.33283099297114327,0.05045366266181684,0.002545572075992411,0.23394363126584902,0.4317183546764375,0.1515894364627011,127,84.94240800000003
hnir62,direct_age_by_region,<19,LEMPIRA,0.3868776233976813,0.07093865260010122,0.005032292432717848,0.24784041918968427,0.5259148276056783,0.1833619943616682,67,46.949849000000015
hnir62,direct_age_by_region,35+,LEMPIRA,0.4099544443357743,0.04041258298053821,0.0016331768631588865,0.3307472371716831,0.48916165149986557,0.09857822872494137,241,160.70076300000017
hnir62,direct_age_by_region,25-34,OCOTEPEQUE,0.20113423516002046,0.03016405170598001,9.098700153210356e-4,0.1420137801884957,0.26025469013154523,0.1499697536920146,265,101.59956599999991
hnir62,direct_age_by_region,20-24,OCOTEPEQUE,0.20101984221634048,0.0373540652501912,0.0013953261907155418,0.12780721964980657,0.2742324647828744,0.1858227766888316,122,43.54810900000002
hnir62,direct_age_by_region,<19,OCOTEPEQUE,0.29030374057577385,0.07978979278570204,0.00636641103278527,0.13391862038188407,0.44668886076966363,0.27484934443989933,48,18.883910999999994
hnir62,direct_age_by_region,35+,OCOTEPEQUE,0.2293770771416568,0.03364798102933888,0.0011321866273507491,0.16342824617166565,0.29532590811164794,0.14669286682277688,232,84.94636099999991
hnir62,direct_age_by_region,25-34,OLANCHO,0.21012110332495956,0.02643147252836089,6.986227400174965e-4,0.15831636911101238,0.26192583753890675,0.12579161307507367,251,249.7395510000001
hnir62,direct_age_by_region,20-24,OLANCHO,0.20843566699379742,0.03141747369442798,9.870576533400743e-4,0.14685855006748405,0.2700127839201108,0.15072983500162138,172,171.00596800000008
hnir62,direct_age_by_region,<19,OLANCHO,0.32688086232359437,0.05834973054639268,0.0034046910548366305,0.2125174919450481,0.44124423270214064,0.17850457849266685,64,58.90187899999995
hnir62,direct_age_by_region,35+,OLANCHO,0.2800025598209571,0.03182726682356474,0.0010129749134583845,0.21762226312042374,0.34238285652149053,0.1136677709086522,256,246.67350199999998
hnir62,direct_age_by_region,25-34,SANTA BARBARA,0.25649583779296636,0.02708885787889231,7.33806221182826e-4,0.20340265196801338,0.30958902361791935,0.10561129612074797,273,284.58711700000026
hnir62,direct_age_by_region,20-24,SANTA BARBARA,0.26722977677244997,0.03514231415639399,0.0012349822442666893,0.19835210669252568,0.33610744685237426,0.13150598178405162,133,137.96401899999987
hnir62,direct_age_by_region,<19,SANTA BARBARA,0.4266976341247987,0.09046903974044648,0.008184647151558484,0.2493815745176008,0.6040136937319966,0.21202142338100352,49,53.09143100000001
hnir62,direct_age_by_region,35+,SANTA BARBARA,0.23329396146128084,0.02955889518520452,8.73728284569907e-4,0.17535959147548558,0.2912283314470761,0.126702358689684,218,217.54786400000015
hnir62,direct_age_by_region,25-34,VALLE,0.24194170398671458,0.03137269080771658,9.842457285165846e-4,0.18045235990547928,0.30343104806794985,0.12967045486891052,229,98.15189200000009
hnir62,direct_age_by_region,20-24,VALLE,0.21835984405613285,0.03398049393462929,0.0011546739680413781,0.1517592997673777,0.284960388344888,0.1556169545802298,149,64.29800800000008
hnir62,direct_age_by_region,<19,VALLE,0.26813843539045207,0.07712066724124414,0.005947597315734707,0.11698470513391565,0.41929216564698846,0.28761511615798097,43,20.175678999999995
hnir62,direct_age_by_region,35+,VALLE,0.2353755616014599,0.024540216404626093,6.022222211858796e-4,0.18727762127557374,0.28347350192734605,0.10425983155455118,217,92.3666580000001
hnir62,direct_age_by_region,25-34,YORO,0.19576935199293413,0.03107510340926068,9.656620518962447e-4,0.13486326849492536,0.2566754354909429,0.15873323936007241,256,330.9869309999999
hnir62,direct_age_by_region,20-24,YORO,0.260068733759692,0.04115220476501595,0.0016935039570218015,0.17941189453584314,0.3407255729835408,0.15823587930043642,156,196.6838429999998
hnir62,direct_age_by_region,<19,YORO,0.2638235326129425,0.06606035830196302,0.004363970938983735,0.13434760953528346,0.39329945569060154,0.25039600390341477,58,74.69677100000003
hnir62,direct_age_by_region,35+,YORO,0.24525030399656653,0.02951301377151847,8.710179818778388e-4,0.1874058599291557,0.30309474806397735,0.12033833716239409,264,343.64615100000003
hnir72,direct_age_by_region,25-34,ATLANTIDA,0.2102716452002229,0.030459121051155735,9.277580552089584e-4,0.1505728649392119,0.2699704254612339,0.14485605523346828,193,1.9041878998430145e-4
hnir72,direct_age_by_region,20-24,ATLANTIDA,0.13599191750655634,0.032258553537974036,0.0010406142763623371,0.07276631437877011,0.19921752063434256,0.2372093439775111,102,1.0013468818011776e-4
hnir72,direct_age_by_region,<19,ATLANTIDA,0.24418906612727706,0.09561342310812702,0.009141926678453718,0.05679020039675839,0.43158793185779576,0.3915548907431059,30,3.493276984644097e-5
hnir72,direct_age_by_region,35+,ATLANTIDA,0.1638230338783734,0.029649331650009346,8.790828672922459e-4,0.10571141167867157,0.22193465607807525,0.18098390042038778,184,1.8095602784452472e-4
hnir72,direct_age_by_region,25-34,CHOLUTECA,0.10808448660495348,0.02007215639027998,4.028914621558574e-4,0.06874378298794924,0.1474251902219577,0.18570802360974603,219,2.0540437357012168e-4
hnir72,direct_age_by_region,20-24,CHOLUTECA,0.1642456191367693,0.03160758858953964,9.990396564455964e-4,0.10229588386311247,0.22619535441042612,0.19244098415324928,123,1.1962532627337023e-4
hnir72,direct_age_by_region,<19,CHOLUTECA,0.2941196807621958,0.06523228642478296,0.004255251192204923,0.16626674874042016,0.42197261278397147,0.2217882402691887,40,3.9205003346025756e-5
hnir72,direct_age_by_region,35+,CHOLUTECA,0.19511948974442392,0.024288026100238023,5.899082118458435e-4,0.1475158333323886,0.24272314615645924,0.12447770405740373,260,2.45208984960412e-4
hnir72,direct_age_by_region,25-34,COLON,0.186530998602511,0.03335305868498017,0.001112426523643731,0.12116020480569903,0.251901792399323,0.17880705585056136,144,1.0071407028799753e-4
hnir72,direct_age_by_region,20-24,COLON,0.285569676054481,0.041938130060697076,0.0017588067529879438,0.2033724515565582,0.36776690055240385,0.14685778490254026,132,1.0326384987997455e-4
hnir72,direct_age_by_region,<19,COLON,0.12497005426963823,0.05166479648680332,0.0026692511960228044,0.023708913886912236,0.22623119465236421,0.4134174125853397,40,3.257805311599622e-5
hnir72,direct_age_by_region,35+,COLON,0.1445825059796132,0.023406344051904504,5.478569418761254e-4,0.09870691462812706,0.19045809733109934,0.16188918495578508,211,1.58106297822566e-4
hnir72,direct_age_by_region,25-34,COMAYAGUA,0.22066249258546938,0.027978508516510923,7.827969388084743e-4,0.16582562355196082,0.2754993616189779,0.12679322248512165,213,2.2783221414738773e-4
hnir72,direct_age_by_region,20-24,COMAYAGUA,0.24185307644181173,0.0460925199194538,0.0021245203925252458,0.15151339744298725,0.3321927554406362,0.19058066408571553,124,1.3477234634247905e-4
hnir72,direct_age_by_region,<19,COMAYAGUA,0.14516876929112046,0.0599926813986383,0.003599121821398522,0.0275852744138034,0.26275226416843755,0.4132616243258864,33,3.614352345235126e-5
hnir72,direct_age_by_region,35+,COMAYAGUA,0.20784852769952564,0.029093317466717537,8.464211212192117e-4,0.1508266732739692,0.26487038212508207,0.13997365191239666,242,2.6062822922518636e-4
hnir72,direct_age_by_region,25-34,COPAN,0.18502740586869332,0.028730506441852002,8.254420004052994e-4,0.12871664798506738,0.24133816375231926,0.15527703210756202,202,1.754667708788315e-4
hnir72,direct_age_by_region,20-24,COPAN,0.24621737121732573,0.03636085420960226,0.0013221117188519501,0.17495140651939373,0.31748333591525774,0.14767785891722504,137,1.1734998066216778e-4
hnir72,direct_age_by_region,<19,COPAN,0.18237189333305134,0.0725769963944533,0.0052674204056404866,0.040123594293829584,0.32462019237227313,0.3979615228422928,31,2.5070636463936525e-5
hnir72,direct_age_by_region,35+,COPAN,0.26359538626495854,0.036471014840112365,0.0013301349234676964,0.1921135106987125,0.33507726183120456,0.1383598376166294,198,1.6818648805348838e-4
hnir72,direct_age_by_region,25-34,CORTES,0.16398280508724278,0.024173281576124205,5.84347542158586e-4,0.11660404380989373,0.21136156636459183,0.14741351426000696,246,4.7174747065559377e-4
hnir72,direct_age_by_region,20-24,CORTES,0.20291827775028437,0.03156822063704915,9.965525541894159e-4,0.141045702245654,0.26479085325491475,0.15557110471781987,146,2.732843214768998e-4
hnir72,direct_age_by_region,<19,CORTES,0.3873118492668657,0.08567515845187204,0.007340232775753381,0.21939162433143414,0.5552320742022973,0.22120458905154777,42,7.650106216004681e-5
hnir72,direct_age_by_region,35+,CORTES,0.177256693418025,0.0327198374741531,0.0010705877643349935,0.11312699038868093,0.24138639644736906,0.18459013785724757,274,5.229446159636033e-4
hnir72,direct_age_by_region,25-34,DISTRITO CENTRAL,0.13920341671024097,0.026901065168340475,7.236673071913011e-4,0.08647829783452873,0.19192853558595321,0.1932500351218851,145,3.717476110302732e-4
hnir72,direct_age_by_region,20-24,DISTRITO CENTRAL,0.181377393461335,0.060047908394679425,0.003605751302575812,0.06368565566080299,0.299069131261867,0.3310661116512301,65,1.6790497999930845e-4
hnir72,direct_age_by_region,<19,DISTRITO CENTRAL,0.4017419307868044,0.14477098862209364,0.020958639146618368,0.11799600708124303,0.6854878544923658,0.3603581740610502,13,3.1775785173199997e-5
hnir72,direct_age_by_region,35+,DISTRITO CENTRAL,0.14487673434058043,0.02356304670661392,5.552171700980692e-4,0.09869401142958203,0.19105945725157883,0.16264203368376062,174,4.459405514528285e-4
hnir72,direct_age_by_region,25-34,EL PARAISO,0.10842254997511444,0.020581121218340073,4.2358255060400796e-4,0.0680842936257148,0.14876080632451408,0.18982325377021597,233,2.3361356369289239e-4
hnir72,direct_age_by_region,20-24,EL PARAISO,0.15045337411470391,0.0325063696175932,0.0010566640657155863,0.08674206039607421,0.21416468783333362,0.21605610248933813,107,1.012486588830051e-4
hnir72,direct_age_by_region,<19,EL PARAISO,0.2698267851695314,0.050722401392354025,0.0025727620030070774,0.17041270523113328,0.36924086510792953,0.1879813427732361,42,4.916492702182742e-5
hnir72,direct_age_by_region,35+,EL PARAISO,0.16125401579258594,0.030732504933527673,9.444868594893028e-4,0.1010194129681722,0.2214886186169997,0.1905844315409643,250,2.534805167404538e-4
hnir72,direct_age_by_region,25-34,FRANCISCO MORAZAN,0.11873640450379398,0.020189801606652534,4.0762808891598926e-4,0.07916512049974611,0.15830768850784185,0.17003884942471378,229,3.050612305769561e-4
hnir72,direct_age_by_region,20-24,FRANCISCO MORAZAN,0.2564904196414402,0.047018599641601634,0.0022107487122572213,0.16433565774039316,0.34864518154248725,0.18331522755247975,95,1.1766703358572093e-4
hnir72,direct_age_by_region,<19,FRANCISCO MORAZAN,0.20530102372966827,0.09348756558321834,0.008739924918676551,0.022068762184234092,0.38853328527510245,0.4553682387201285,31,3.570264341680414e-5
hnir72,direct_age_by_region,35+,FRANCISCO MORAZAN,0.1895123630920842,0.031105820958274997,9.675720974882601e-4,0.12854607430431403,0.25047865187985435,0.1641361041082088,253,3.1926086643031034e-4
hnir72,direct_age_by_region,25-34,GRACIAS A DIOS,0.23158236090890366,0.037806895915666834,0.0014293613787780656,0.15748220654694223,0.3056825152708651,0.16325464412438015,167,4.035614944127904e-5
hnir72,direct_age_by_region,20-24,GRACIAS A DIOS,0.2871280017487416,0.04601694623447394,0.0021175593407464655,0.19693644445065664,0.37731955904682657,0.16026631312240386,84,2.1205533780536076e-5
hnir72,direct_age_by_region,<19,GRACIAS A DIOS,0.41376400116107054,0.089669654135729,0.00804064687282126,0.23801470854887866,0.5895132937732624,0.21671690597564164,25,5.680798380697277e-6
hnir72,direct_age_by_region,35+,GRACIAS A DIOS,0.21280550773675366,0.037177026154665345,0.0013821312737046711,0.13993987542130598,0.28567114005220134,0.1746995486632534,135,3.3063097395306506e-5
hnir72,direct_age_by_region,25-34,INTIBUCA,0.22606781799871659,0.04323513917046265,0.0018692772590892738,0.14132850235803288,0.31080713363940027,0.19124853574120002,193,1.1483083147503021e-4
hnir72,direct_age_by_region,20-24,INTIBUCA,0.217503847229575,0.045772572882649284,0.002095128428297441,0.12779125289984772,0.3072164415593023,0.2104448885188518,107,6.236428032632142e-5
hnir72,direct_age_by_region,<19,INTIBUCA,0.3854197817810206,0.08282419357355288,0.006859847041109358,0.22308734532828323,0.547752218233758,0.2148934680799807,37,2.341607090401421e-5
hnir72,direct_age_by_region,35+,INTIBUCA,0.2159881931554832,0.032934814323611374,0.001084701994530757,0.15143714324369104,0.2805392430672754,0.15248432723312158,200,1.0776309770270475e-4
hnir72,direct_age_by_region,25-34,ISLAS DE LA BAHIA,0.15771328790652467,0.03700460980120149,0.0013693411465391773,0.08518558543421188,0.23024099037883744,0.23463216252985486,149,3.509537875598065e-5
hnir72,direct_age_by_region,20-24,ISLAS DE LA BAHIA,0.15564225054996125,0.035751849098735786,0.0012781947139787748,0.08556991393572834,0.22571458716419418,0.22970529513937749,100,2.4677724228743946e-5
hnir72,direct_age_by_region,<19,ISLAS DE LA BAHIA,0.2976923253596421,0.12047148880761699,0.014513379615523785,0.061572546132792644,0.5338121045864915,0.4046845637087735,21,5.21310323091088e-6
hnir72,direct_age_by_region,35+,ISLAS DE LA BAHIA,0.16154379723108095,0.030675883224622322,9.410098116106652e-4,0.10142017091686481,0.2216674235452971,0.18989205249856722,136,3.283254696867438e-5
hnir72,direct_age_by_region,25-34,LA PAZ,0.16295022490138028,0.03134042418793749,9.822221882798572e-4,0.10152412223281485,0.22437632756994572,0.19233127298170435,194,9.598661944877752e-5
hnir72,direct_age_by_region,20-24,LA PAZ,0.182335932665184,0.04760084622693754,0.002265840561520554,0.08903998842675713,0.27563187690361085,0.26106124849425605,111,4.8835190811880574e-5
hnir72,direct_age_by_region,<19,LA PAZ,0.4063904188936882,0.07279129492066043,0.005298572616226565,0.26372210246116046,0.549058735326216,0.17911666106405585,26,1.448750628932166e-5
hnir72,direct_age_by_region,35+,LA PAZ,0.25990909778063614,0.04798622636316007,0.002302677920576439,0.16585782235485597,0.3539603732064163,0.18462695909036841,202,9.217909072021563e-5
hnir72,direct_age_by_region,25-34,LEMPIRA,0.18550608406110952,0.031764440319338,0.0010089796688007855,0.12324892504613509,0.24776324307608394,0.17123125896439137,213,1.4478176568896337e-4
hnir72,direct_age_by_region,20-24,LEMPIRA,0.2768065122714193,0.04129107247489211,0.0017049526661267929,0.19587749733759763,0.35773552720524093,0.1491694401842853,150,1.1260862216019506e-4
hnir72,direct_age_by_region,<19,LEMPIRA,0.299922767592372,0.11107257565391838,0.012337117062395424,0.0822245196405916,0.5176210155441524,0.3703372589735442,41,2.771877015258645e-5
hnir72,direct_age_by_region,35+,LEMPIRA,0.3380360808137878,0.03371479248893877,0.0011366872325722023,0.27195630178922625,0.4041158598383493,0.09973726002198881,227,1.539118493653822e-4
hnir72,direct_age_by_region,25-34,OCOTEPEQUE,0.21205451335636233,0.029434924507733145,8.664147807759493e-4,0.15436312143355002,0.26974590527917464,0.13880829057510838,163,7.495965529926487e-5
hnir72,direct_age_by_region,20-24,OCOTEPEQUE,0.21220111991038534,0.04870720120353632,0.0023723914490817698,0.11673675976370822,0.30766548005706246,0.2295331957913599,87,3.805159609139423e-5
hnir72,direct_age_by_region,<19,OCOTEPEQUE,0.4075658674308638,0.12034902769862027,0.014483888468003268,0.17168610756715477,0.6434456272945729,0.2952873076866166,20,9.102517517643953e-6
hnir72,direct_age_by_region,35+,OCOTEPEQUE,0.21840549619509925,0.026370796634633157,6.954189151451794e-4,0.1667196845475882,0.27009130784261026,0.12074236726660217,182,8.609475039961752e-5
hnir72,direct_age_by_region,25-34,OLANCHO,0.20722563451218853,0.030968744332504846,9.59063125532051e-4,0.14652801097405013,0.2679232580503269,0.14944456271255058,227,2.501582315536866e-4
hnir72,direct_age_by_region,20-24,OLANCHO,0.13850038634985795,0.03605532615903834,0.0012999865444346342,0.06783324562729795,0.20916752707241795,0.26032653849759685,126,1.3561011925987691e-4
hnir72,direct_age_by_region,<19,OLANCHO,0.24617591689621487,0.04960365452538981,0.0024605225422742252,0.1489545405248836,0.34339729326754614,0.2014967798263637,66,7.054140915908709e-5
hnir72,direct_age_by_region,35+,OLANCHO,0.2316128606942101,0.030633200844181394,9.383929939599557e-4,0.17157289030843262,0.29165283107998763,0.1322603621938994,209,2.3532823055156661e-4
hnir72,direct_age_by_region,25-34,SAN PEDRO SULA,0.18965906043097105,0.02457079187801574,6.037238135127643e-4,0.14150119327843094,0.23781692758351117,0.12955242856408966,196,3.0104052439701776e-4
hnir72,direct_age_by_region,20-24,SAN PEDRO SULA,0.24572562227498523,0.04237311658844101,0.0017954810094176145,0.16267583984892417,0.32877540470104627,0.17244077437322486,89,1.3492558057709268e-4
hnir72,direct_age_by_region,<19,SAN PEDRO SULA,0.38640025255424326,0.1347214102775147,0.018149858387162442,0.12235114046387024,0.6504493646446163,0.3486576662074059,18,2.6670516712157982e-5
hnir72,direct_age_by_region,35+,SAN PEDRO SULA,0.19027771606637195,0.03043133816695297,9.260663426314486e-4,0.130633389257785,0.2499220428749589,0.1599311721627877,185,2.8529426734526014e-4
hnir72,direct_age_by_region,25-34,SANTA BARBARA,0.22237170497147415,0.03624734712618088,0.0013138701736858532,0.15132821006903824,0.29341519987391007,0.16300341417461672,210,2.069939485885676e-4
hnir72,direct_age_by_region,20-24,SANTA BARBARA,0.17095269188144113,0.03284281348156177,0.0010786503973846554,0.10658196030661354,0.23532342345626872,0.19211638682085724,115,1.1709613859626514e-4
hnir72,direct_age_by_region,<19,SANTA BARBARA,0.21137623066085598,0.08811687638972808,0.007764583904682618,0.03867032650682117,0.3840821348148908,0.4168722098706916,25,2.656260704023581e-5
hnir72,direct_age_by_region,35+,SANTA BARBARA,0.2536063621223934,0.029576772686433772,8.747854825449748e-4,0.19563695287805524,0.31157577136673154,0.11662472675728724,245,2.382687090524644e-4
hnir72,direct_age_by_region,25-34,VALLE,0.17184771713691868,0.034377259529572636,0.0011817959727635926,0.10446952657176997,0.2392259077020674,0.20004490081286766,181,8.918967460386564e-5
hnir72,direct_age_by_region,20-24,VALLE,0.22850773151371928,0.0416248666500769,0.001732629523636684,0.14692449201828617,0.3100909710091524,0.1821595548401731,100,4.9945411993218814e-5
hnir72,direct_age_by_region,<19,VALLE,0.21263828735148976,0.07982738087336592,0.006372410737101428,0.056179495859531026,0.3690970788434485,0.375413957042514,32,1.558401072747147e-5
hnir72,direct_age_by_region,35+,VALLE,0.137571440669392,0.023205475429995882,5.384940899321426e-4,0.09208954458247096,0.18305333675631305,0.16867945350490773,191,9.230202905054405e-5
hnir72,direct_age_by_region,25-34,YORO,0.15738519756410937,0.02576882218615546,6.640321968616978e-4,0.10687923415522799,0.20789116097299076,0.16373091361186476,220,2.5436719586294064e-4
hnir72,direct_age_by_region,20-24,YORO,0.2666262070286389,0.037618141500930846,0.0014151245699840556,0.19289600452148292,0.3403564095357948,0.14108943723184048,116,1.3698919299305563e-4
hnir72,direct_age_by_region,<19,YORO,0.30005701736335855,0.07097287256909547,0.005037148640709065,0.16095274324858072,0.4391612914781364,0.23653128726247988,46,5.892253977247875e-5
hnir72,direct_age_by_region,35+,YORO,0.1478349874331618,0.02425395166097405,5.882541711728658e-4,0.10029811569487726,0.19537185917144637,0.1640609715067591,252,2.892507145446092e-4
