variable,mean,median,sd,mad,q5,q95,rhat,ess_bulk,ess_tail
lp__,-46.72421062325,-46.3111775,5.84894838405177,5.8297915052999985,-57.01475705,-37.81459745,1.0023939068260965,944.7658205871438,1710.344920421247
alpha,-0.445953181745,-0.44633815,0.0768926518263039,0.07593464295899997,-0.571038414,-0.31918226600000005,1.0038708016808153,1717.9502345514625,2081.7201427884183
beta_raw[1],-0.4149129261275,-0.415436465,0.08859978549951307,0.090198959949,-0.5578601665,-0.2670527595,1.0013540166934352,2752.2559253602117,2921.696479412228
beta_raw[2],-0.546009139075,-0.54509315,0.0997205072195058,0.09968433081599994,-0.70970687,-0.38202838650000004,1.0011698097759552,2750.990842759884,2590.5528622257834
s[1],-5.423409863324877e-4,-0.007764001100000001,0.6355250756877474,0.6460005460091399,-1.046525095,1.039862214999999,1.0000267788861974,2393.234742516375,2679.621393360847
s[2],-0.011914055102744974,-0.00841790255,0.6201469969182429,0.624073753548,-1.03597184,1.0062611199999993,1.0005532426625836,2065.2609004971546,2560.2035841019297
s[3],-0.0038838177581450002,-0.008837386249999999,0.43600157794518757,0.43370062842225,-0.708205896,0.7088615134999995,0.9999152955446073,3895.997170171168,3244.59985998939
s[4],0.032131424413522486,0.0088109775,0.7944956992039562,0.8054797969680001,-1.253767705,1.3468089599999995,1.0022304649431457,1424.674567210575,1905.5200949428674
s[5],0.004671707903304997,-0.0018858012249999999,0.5442281924157361,0.544914335164815,-0.878180852,0.9185400669999992,0.9998682337960794,3638.8401880663023,3107.71946400899
s[6],-0.024749580466347475,-0.022257561500000002,0.6971108959002463,0.6987580658120999,-1.18649902,1.1120757049999979,1.000467840333646,2120.4742302484487,2653.927040426845
s[7],-0.0238128725785125,-0.023633361,0.665292663080295,0.66770158623,-1.1505142349999997,1.071671455,1.0002734058395404,2538.879311115155,2825.8737822494536
s[8],-0.022684432579900004,-0.017004232,0.4567628974457192,0.45820515056399996,-0.762710695,0.728599916,1.0009640802713766,2344.4375257556553,2656.5669935879805
s[9],-0.017579573745719987,-0.023817635,0.8280459408703362,0.846261007998,-1.393825475,1.3580728999999991,1.0006558573996787,2166.6270940990667,2999.788030663049
s[10],0.015187052851943349,0.0026434331,0.5705781598064977,0.5795710636619399,-0.9101957820000001,0.9657864959999998,1.0008007601051447,2269.1937272570067,2837.7428555150072
s[11],-0.01654331075613377,-0.014042144999999999,0.5497053151629457,0.548143491672,-0.9276814019999999,0.8845774324999999,1.0000655310027737,3064.567710718207,2861.7214884022655
s[12],0.03483455774114587,0.00876288045,0.6928728960134841,0.6964563167099999,-1.0752529750000002,1.2036471299999998,1.000821917174395,1349.6876844058688,2056.149036462407
s[13],0.03897863045768498,0.0323720245,0.9435027677902091,0.9398190213783001,-1.49517098,1.6371856249999999,1.000842046591241,1532.6468704727629,2278.0701668853003
s[14],-0.015355140575505253,-0.01567442,0.5482088785712156,0.547929619209,-0.9049530455,0.9047663274999997,1.0001752459320412,1806.0567934153198,2705.2858216569034
s[15],0.02818548351380751,0.01415798,0.5432447969491488,0.54907557264,-0.842208495,0.9138737769999999,1.000162430258723,1700.2128766407873,2592.0545685773413
s[16],-0.020186601975717967,-0.037881975,0.6784608972767082,0.681884071113,-1.115273795,1.1173333600000002,1.0000814363508534,2311.726494319723,2720.5336587737165
s[17],0.00357379264515199,0.0074628225,0.4614012002715105,0.456339179856,-0.7521691654999999,0.7635795879999998,1.0012509072507068,2406.609496043061,3151.301661769838
u[1],-0.488516986246481,-0.48840244,0.7342089171310289,0.703902586254,-1.68433054,0.7099524079999998,1.0016535512573468,3821.4995603523034,2514.359859326931
u[2],-1.123640222334555,-1.1185747,0.7111642824793848,0.6844206069749998,-2.30351559,0.02236857899999971,1.0010215852222133,4118.658886291044,2628.9439617106
u[3],0.1251802135526075,0.11833194,0.694006220590251,0.65296343028,-1.02084061,1.248389859999999,1.0002065687064274,4385.4193695530785,2754.8478676603295
u[4],-0.06215984701474301,-0.0711480885,0.7493589082509164,0.74073446223,-1.2752687950000001,1.1814664549999994,1.0011847555746705,4293.041859235619,2752.5614063976705
u[5],0.22959775134629748,0.221395755,0.6740020831144471,0.639317261121,-0.877604726,1.3510092799999998,0.9999690963081783,3568.294630325173,2214.008781177618
u[6],-0.6157901999968775,-0.62476316,0.751238001331312,0.7280536954739999,-1.8533726149999998,0.6175655434999997,1.001377232393875,4151.981080632962,2727.076552603286
u[7],-0.9608409803838716,-0.97386159,0.7747830325356188,0.7595181146699999,-2.202166575,0.3304061219999998,1.0006430781540958,4218.762243752362,2867.713193112981
u[8],-0.1027192184858425,-0.11088373,0.671939891928866,0.6233270346449999,-1.1968897600000001,0.9961693964999995,1.0002919257823844,3415.1787655934595,2786.10621383952
u[9],0.999271977739685,1.021754,0.8715924861652111,0.8576756491799999,-0.43902181799999995,2.38857999,1.0004648008181494,4500.984402866821,2424.276673605776
u[10],1.481107578449325,1.50795185,0.7879411400944502,0.7215886106100001,0.19331060350000004,2.736380659999999,1.0008181583935505,3472.885039930074,2187.817678222093
u[11],0.04995413105806,0.051531196,0.8112321439944244,0.7911710820384,-1.28643559,1.3586716299999984,1.001725869001955,4738.300983743451,2999.9773915001047
u[12],0.3844044179921175,0.384494125,0.7116872557701601,0.6753841066014,-0.7462107539999999,1.535917299999999,1.0009247855443824,4330.035226495814,2219.5818746598056
u[13],0.7102039681632475,0.720175805,0.7458950791223409,0.708673526337,-0.5501439549999999,1.9372201499999995,1.0037656028189603,3984.591935611414,2664.955637740263
u[14],0.08298625704898252,0.07379856,0.7483785736893148,0.721225855455,-1.1430909099999997,1.3210291749999996,1.002137617810139,4568.860705684417,2724.534657670481
u[15],-0.1893743782855975,-0.18528277999999998,0.6583676856646322,0.631505501025,-1.269068345,0.8990701414999998,1.0011148126152742,4275.387204961032,3095.617753115529
u[16],0.557791437885135,0.548530685,0.7290212452530881,0.6927997647627,-0.6275639749999999,1.747249745,1.0007269998650845,4510.6013236528825,2620.6382035483257
u[17],-0.546540753812585,-0.55612847,0.7709309231076656,0.7541653252518,-1.77661928,0.7222822504999992,1.0011934152174091,4032.7048965373274,2627.197717131586
u[18],-0.53227617834243,-0.54478755,0.710682513691429,0.6800504848368,-1.66719026,0.6161551854999998,0.9996771515499785,4009.7190333471976,2822.8431559225464
sigma_b,0.48602025177017505,0.337637215,0.41141590852413285,0.23906131067699993,0.10743822250000001,1.3463364899999992,1.0004812327980797,1663.773043138695,1335.685538655052
phi,0.6132703323586954,0.7350450399999999,0.3442485164798385,0.34557665427600015,0.017894585150000003,0.9885308715000001,0.9999014074225022,2541.0167000114348,2348.2612946475665
beta[1],0,0,0,0,0,0,NA,NA,NA
beta[2],-0.4149129261275,-0.415436465,0.08859978549951307,0.090198959949,-0.5578601665,-0.2670527595,1.0013540166934352,2752.2559253602117,2921.696479412228
beta[3],-0.546009139075,-0.54509315,0.0997205072195058,0.09968433081599994,-0.70970687,-0.38202838650000004,1.0011698097759552,2750.990842759884,2590.5528622257834
s_star[1],-2.2361215463399504e-6,-3.2011686e-5,0.002620327953723932,0.0026635193125464,-0.00431491877,0.004287446819999996,1.000026488759719,2393.234742516375,2679.621393360847
s_star[2],-4.9122737127849884e-5,-3.4707781e-5,0.002556922727395815,0.0025731130866000003,-0.0042714064849999995,0.004148906644999998,1.0005532426625836,2065.2609004971546,2560.2035841019297
s_star[3],-1.6013335976437464e-5,-3.6437351e-5,0.0017976743444630776,0.0017881872865626,-0.002919997635,0.0029227008149999975,0.9999152955446073,3895.997170171168,3244.59985998939
s_star[4],1.3248080142129248e-4,3.6328465e-5,0.0032757783614659496,0.0033210667730099994,-0.005169398795,0.005553016394999997,1.0022358065764663,1424.674567210575,1905.5200949428674
s_star[5],1.9261877987425002e-5,-7.7753306e-6,0.0022439025619798813,0.0022467316239824396,-0.0036208198499999996,0.0037872246799999973,0.9998682337960794,3638.8401880663023,3107.71946400899
s_star[6],-1.0204478053676757e-4,-9.176996049999999e-5,0.002874251917528449,0.0028810433830226997,-0.004892043810000001,0.004585189619999991,1.00047846089953,2120.4742302484487,2653.927040426845
s_star[7],-9.818264791525015e-5,-9.7442506e-5,0.0027430624358397797,0.00275299464657,-0.004743675520000001,0.004418599224999999,1.0002734058395404,2538.879311115155,2825.8737822494536
s_star[8],-9.352998854553751e-5,-7.011000200000001e-5,0.0018832751621621258,0.0018892217307600002,-0.003144725895,0.003004083985,1.0009640802713766,2344.4375257556553,2656.5669935879805
s_star[9],-7.248218872714997e-5,-9.8202286e-5,0.0034141090752174068,0.00348921147834,-0.0057468697,0.005599458699999996,1.0006558417087688,2166.627087673082,2999.788030663049
s_star[10],6.261760592438966e-5,1.08991165e-5,0.0023525458882550183,0.0023896244846271,-0.003752820325,0.0039820260199999995,1.000804536323781,2269.1937272570067,2837.7428555150072
s_star[11],-6.820958127553497e-5,-5.78970455e-5,0.0022664852400531323,0.0022600457138699996,-0.0038249152349999994,0.0036471935850000002,1.0000655310027737,3064.567710718207,2861.7214884022655
s_star[12],1.4362606432183288e-4,3.6130157000000004e-5,0.0028567782565068213,0.0028715529794699998,-0.00443336632,0.004962747009999999,1.0008132494811885,1349.6876844058688,2056.149036462407
s_star[13],1.6071245391972497e-4,1.3347281499999998e-4,0.0038901481201991167,0.0038749596614609996,-0.006164726644999999,0.00675026615,1.0008399297495048,1532.6468704727629,2278.0701668853003
s_star[14],-6.331064779862906e-5,-6.46270645e-5,0.002260315296930549,0.0022591639160223,-0.003731204115,0.003730434214999999,1.0001713338243339,1806.0567934153198,2705.2858216569034
s_star[15],1.1621132293112503e-4,5.83746455e-5,0.0022398479337597966,0.0022638887680017,-0.00347250252,0.0037679851099999993,1.000162430258723,1700.2128766407873,2592.0545685773413
s_star[16],-8.323120480514248e-5,-1.5619084e-4,0.0027973562691532604,0.00281147039208,-0.0045983756749999995,0.004606867414999999,1.0000814363508534,2311.726494319723,2720.5336587737165
s_star[17],1.473507505890992e-5,3.0769899e-5,0.0019023993062544117,0.0018815280745799999,-0.003101262215,0.00314830841,1.0012511327370373,2406.609496043061,3151.301661769838
b[1],-0.08712982145309099,-0.07713827549999999,0.12452386598057325,0.119981198946,-0.299076412,0.10099229949999998,1.0017288534296651,3368.1489558947537,2853.6978758028213
b[2],-0.19642058699713205,-0.18831503500000002,0.13232082516455396,0.1387152991875,-0.425045374,0.002634715249999985,1.0005991500828098,2113.848719299733,2802.3802447710405
b[3],0.021149566734194998,0.0168944715,0.11295526764344103,0.10221945376019999,-0.16290525300000003,0.21342730449999994,1.0001738938149884,4207.60317094685,3358.9787060048284
b[4],-0.010312004204988246,-0.009318865150000001,0.12254416998889477,0.11495624848910999,-0.21173155149999998,0.19034182999999996,1.0001615447569825,4186.049670644747,3303.1826506852217
b[5],0.04041216853257625,0.032425273000000004,0.10981090504915686,0.1015752573885,-0.132669361,0.23280342349999986,1.0007396481443478,3426.937028299609,2646.2077463934447
b[6],-0.1099859563369025,-0.099390763,0.12947869957586317,0.1294551308127,-0.337963171,0.08301540389999999,1.0014530852127927,3490.401462040056,3065.66546093124
b[7],-0.1729179559721315,-0.162512665,0.14316921538566227,0.147221520243,-0.43241879399999994,0.03627637184999992,1.0005613631698502,2458.20959053019,3112.2701889244904
b[8],-0.01893232071959727,-0.015801593500000002,0.10810536031786017,0.1013265445668,-0.1967703985,0.15460479649999995,1.0008640805719202,3360.1493544093278,3158.6850500857095
b[9],0.18366776607849755,0.16529431,0.16732826727943,0.16969705424700002,-0.050174809349999995,0.48222543749999996,1.000012748501497,2930.78929683935,2906.257279455776
b[10],0.2658183743482405,0.261200475,0.1623840015772833,0.16487563904699998,0.010944237200000012,0.5447470849999997,1.0004859668818076,1791.283963795709,1651.378134834592
b[11],0.008882805630323001,0.006587523,0.13701089440215927,0.12307939483769999,-0.21701054549999998,0.2445039634999999,1.0020292351711437,4740.36010680603,3125.7118572297754
b[12],0.06693652656892675,0.059662624,0.11499452723237696,0.11026876863029998,-0.10942017849999999,0.2634833439999999,1.0010456506145213,4145.9526964806,3166.0172614075996
b[13],0.12591123138450125,0.11466703,0.13078916374240426,0.1293423249678,-0.068720776,0.3573964795,1.0015668543105372,2733.7135944089987,2784.046013440207
b[14],0.014389456418232246,0.0106215195,0.1255314944799349,0.1151732435301,-0.1912183455,0.22459616599999965,1.0013645892496488,4356.712749123509,3121.321586308244
b[15],-0.03496200144283775,-0.0277857865,0.10864650564447938,0.1012344246984,-0.220775235,0.13660329649999986,1.0000835132121666,3817.8594225210218,3428.3941590129266
b[16],0.09810565405214924,0.08900527250000001,0.12458580354834187,0.12125867463843001,-0.09370707504999999,0.31700298999999993,1.0006181130232863,3478.041250039443,2598.3107546288893
b[17],-0.10014474441488475,-0.08772050149999999,0.1365054160946909,0.13198127713281,-0.3394564905,0.1036404185,1.0013248938851127,3184.9398427542105,3266.961634134439
b[18],-0.09383982916764375,-0.0836631735,0.12072914912381551,0.11747538589185,-0.3082139675,0.08594157269999991,0.9999610798823744,2968.7895057663077,2899.382771037704
theta[1],-0.533083003112,-0.52709027,0.12929212117555763,0.12947712592499996,-0.754131633,-0.32970564150000004,1.0002242122915963,3818.3766450500934,2901.183475160838
theta[2],-0.642373768825,-0.64017258,0.13968224907788968,0.14094107096999997,-0.879526563,-0.4199341945000001,1.0030246053066336,2423.5051720553715,2494.6196440986814
theta[3],-0.42480361504975,-0.428267085,0.11976600134616522,0.11603805374699999,-0.6212064245,-0.2255264635000002,1.0001412793612197,4515.123036957026,3435.025222961023
theta[4],-0.4562651859075,-0.45382272,0.13029397116871153,0.12834410076600003,-0.6707040955,-0.24183719800000006,1.0005772532068626,4178.94497053558,3304.995511314577
theta[5],-0.4055410132685725,-0.409385075,0.1180217079768138,0.11629310542500002,-0.5929603274999999,-0.209531627,1.0009729447449023,3631.919022111645,3042.9534695718125
theta[6],-0.55593913803,-0.549202745,0.13965897968872829,0.139969360104,-0.7960290889999999,-0.3375662300000001,1.000541803145281,3556.9358867515157,3034.9169875281004
theta[7],-0.6188711377475,-0.60748377,0.1541452550856895,0.15627266722200003,-0.8852861435,-0.3859303835000002,1.000077389511454,2593.898939279482,2964.325212201803
theta[8],-0.46488550246525,-0.46412655999999997,0.1092473119105457,0.10756692954,-0.6479259119999999,-0.2853076075,1.0019182561527138,4896.196477780538,3410.2607559898092
theta[9],-0.2622854156202395,-0.276771,0.18077803570926515,0.181901446797,-0.5304026344999999,0.05667073204999956,1.001132744229792,2508.8002475175335,2679.7287980208257
theta[10],-0.1801348073741725,-0.18712677500000002,0.1712354137415659,0.17335459879499993,-0.452919915,0.108750616,1.0010170049776257,1751.4624891532685,2059.257319860483
theta[11],-0.437070376112935,-0.44131476000000003,0.15206945664193747,0.14272787825100003,-0.6865252645000001,-0.17772340400000006,1.0008737761479025,3777.6472395881297,3010.0372108922484
theta[12],-0.3790166551552025,-0.382182485,0.12330356548160383,0.12148334702699999,-0.577606913,-0.1740490250000001,1.000464900250198,3738.4174945734085,3123.1068602031514
theta[13],-0.320041950275469,-0.327176605,0.13942287213643345,0.13863627290099997,-0.5373109545000001,-0.08130371595000042,1.0004904349657755,2874.919993579736,3093.972117395028
theta[14],-0.431563725247775,-0.43051533,0.13495316705309598,0.127092563976,-0.6591650244999999,-0.208236832,1.0010579393229164,4185.5878991623085,2837.1576574199967
theta[15],-0.48091518307075,-0.479231395,0.11696117673776847,0.11483772596099996,-0.6775334055,-0.289855823,1.0003867423767199,3792.9667489746816,2681.726851006817
theta[16],-0.347847527581505,-0.35245243,0.13352311644688683,0.13345011586200003,-0.5565314264999999,-0.11985766850000001,1.0005560333054002,3509.1502957195266,3394.474323072631
theta[17],-0.54609792602375,-0.53899709,0.14354417948979287,0.1413139448700001,-0.7948283135,-0.32527191950000006,1.0008889382877975,3643.8442869741752,3301.5206758036757
theta[18],-0.53979301082,-0.5318877799999999,0.12926557517322887,0.130025902902,-0.7581555575,-0.3379142865000001,1.0008563021251318,3132.370827294886,2889.5072225599324
theta[19],-0.947995929505,-0.94264092,0.12854544210553356,0.12864013150800005,-1.16225112,-0.7414838480000001,1.0001562734933946,4250.149850832951,3451.4523997274396
theta[20],-1.0572866946075,-1.0534027,0.13577906608472312,0.13811909013000007,-1.2909666450000001,-0.8431272175000001,1.001636377399278,2578.5003664556652,2453.7645004437422
theta[21],-0.8397165414525,-0.841729205,0.12167382604331495,0.12090598552199995,-1.031532925,-0.6345230829999999,1.0018486683358636,4988.078086374039,3227.9572328239237
theta[22],-0.8711781119125,-0.869712135,0.12941908287019813,0.127652252889,-1.08334463,-0.659132572,1.0003947380013676,5023.533795922527,3443.8596390149623
theta[23],-0.820453939305,-0.82252573,0.11637652854959339,0.11683378740600002,-1.008188815,-0.6272490385000001,1.0009204955524333,5104.902342383681,3037.0704237902983
theta[24],-0.970852063975,-0.96414529,0.1366004930525578,0.13617091666499992,-1.206664465,-0.7554993040000002,1.0003461152465138,4512.867702393245,3366.7669053796158
theta[25],-1.0337840644075,-1.0250759999999999,0.1494506604785407,0.14941428564299983,-1.294741265,-0.804226808,0.9999273823015238,2761.206734151697,3100.683403420366
theta[26],-0.87979842884,-0.880401105,0.11624645915499997,0.11519905040699997,-1.06797706,-0.6889048790000001,1.0010219469843051,5023.775121907947,3474.274293495824
theta[27],-0.67719834173275,-0.6914539,0.1758491376083951,0.182487399969,-0.936358616,-0.36970617950000007,1.000019677834103,3162.1287868696822,2984.8346442417583
theta[28],-0.5950477333563975,-0.596307115,0.17146389930413325,0.17554713439199995,-0.863954855,-0.302097092,1.0003746652027532,2023.1065567881437,2306.574186573136
theta[29],-0.85198330217,-0.853964475,0.1450816903144289,0.13584309897899996,-1.0945122000000003,-0.6089003505,1.0012319662088869,5156.107310535044,3340.294789793993
theta[30],-0.793929581384,-0.8005517600000001,0.12388327274552009,0.12041269485000002,-0.9899246765,-0.5881416480000001,1.00140951333245,5267.812946991337,3567.236357828713
theta[31],-0.7349548763475,-0.744132935,0.14292376356632358,0.14328073237800004,-0.9570531875,-0.49301074450000015,1.000233280547653,3477.805375075747,3363.3893929382884
theta[32],-0.846476651455,-0.847084835,0.13277224356683526,0.12829838479499997,-1.06124442,-0.6265436515000001,1.001753308767297,4985.596547591083,3331.3084336937727
theta[33],-0.895828109425,-0.89315853,0.11367209420696636,0.10937858519700004,-1.0818711899999998,-0.711393041,1.0006858482078402,5350.235937759128,3414.80618828503
theta[34],-0.7627604536825,-0.76838079,0.13375558801192483,0.1317965276039999,-0.9750252060000001,-0.5318863410000001,1.000218637946372,4077.475037700177,3381.8379235449697
theta[35],-0.9610108519775,-0.95382442,0.1427556361360201,0.13729311143100006,-1.21024834,-0.734131379,1.0014324128618763,3762.30334965051,3277.2119555074887
theta[36],-0.9547059368675,-0.95005269,0.12824302557309966,0.127578908667,-1.173197885,-0.7527248910000002,1.0002020502135922,4053.527391582065,3116.112460520453
theta[37],-1.0790921426075,-1.0740672999999998,0.1403361874746738,0.14013733127100006,-1.317309995,-0.8603672240000001,1.0005308509833661,4293.957489888681,2874.3131630931257
theta[38],-1.18838290778,-1.1841157,0.14398812128195337,0.1464593081699999,-1.43646564,-0.958483188,1.0011316052768933,3068.1911060743478,3017.1917146350975
theta[39],-0.9708127547125,-0.97254633,0.13235897408486139,0.12854215388700005,-1.1822018849999998,-0.75225934,1.0012985808166628,4482.612275489011,3463.8298620062656
theta[40],-1.0022743261325,-1.0019859,0.14004284584425414,0.13615420776299997,-1.2336344199999998,-0.7683752859999999,1.0000016450110214,4664.6640118283085,3447.8868661102947
theta[41],-0.9515501522775,-0.954169745,0.12525753448605426,0.12338472222300001,-1.151091615,-0.7391010385000001,1.0000827813222095,5212.436884438016,3483.523820369434
theta[42],-1.10194827802,-1.0967307499999999,0.14239830874741763,0.1431264974999999,-1.3458193399999998,-0.882558142,1.000439658744113,4652.181121882186,3375.2241916676517
theta[43],-1.1648802761975,-1.1567677500000002,0.15126849958881158,0.15081466805999993,-1.42999366,-0.930255112,1.0002831712927596,3158.2568776517405,3295.1273594102513
theta[44],-1.010894642145,-1.0072779,0.12354403090679277,0.12138496910399993,-1.2190522449999999,-0.8110274880000001,0.9999087598977993,4794.169075802586,3325.3627243120554
theta[45],-0.8082945546925,-0.81973682,0.17737720656721606,0.182455635264,-1.0765963900000002,-0.4990607240000002,1.000747111645145,3183.7648967637047,3022.2972516788245
theta[46],-0.72614394673225,-0.729701405,0.17672001614527327,0.18281555124,-1.0067047599999999,-0.4294142840000002,1.0000533991568343,1918.446727148682,2417.70206587832
theta[47],-0.9830795152225,-0.9862198799999999,0.1553735502392645,0.146801292099,-1.2315715999999999,-0.7198024935000003,1.0003845023219717,4997.346596048232,3384.275269548134
theta[48],-0.925025794575,-0.927418545,0.13087501128816834,0.12935040069,-1.134494355,-0.705283855,1.0003689498392967,4819.8017264276,3563.651648745168
theta[49],-0.8660510893225,-0.87468828,0.15271008638797542,0.15425922229200004,-1.10100395,-0.6100921094999999,1.0000227626736402,3178.283595841273,3351.7950725927426
theta[50],-0.977572864335,-0.97906535,0.14628337543925582,0.13661436973799995,-1.2125034,-0.7381313985000002,1.0016994805920685,5097.096248924724,3047.937172823418
theta[51],-1.0269243223025,-1.02486925,0.1208100319557934,0.12015968915999994,-1.225887725,-0.8270301735000001,1.0004698351520285,5311.226158823574,3102.9249051328184
theta[52],-0.8938566668475,-0.90071246,0.1418005785371955,0.137293519146,-1.114224045,-0.6499701720000001,1.000628631849671,3711.6491300071266,3382.7144711290166
theta[53],-1.0921070654125,-1.0820621,0.1501350858841946,0.148432248468,-1.352021875,-0.8627309890000002,1.0005620098492345,3804.552588353356,3038.3606032482994
theta[54],-1.0858021503325,-1.082559,0.1321865960701767,0.13334808332999998,-1.3157959550000002,-0.8798467745000003,1.0013274992312349,4389.271770710391,3512.9962334786846
p[1],0.3703076675425,0.37119579,0.029948690697317433,0.03022115531400002,0.31992171150000004,0.418312249,1.0002242122915963,3818.3766450500934,2901.183475160838
p[2],0.3453955998725,0.34520752499999996,0.031334918802056716,0.03191882127000003,0.2932759005,0.3965324955,1.0030125924891418,2423.5029504116405,2494.6196440986814
p[3],0.3957204064625,0.394540215,0.02858409724323763,0.027752359445999956,0.349507115,0.44385615049999994,1.00014858034934,4515.123572140845,3435.025222961023
p[4],0.38832155863,0.38845226499999996,0.030808693720480194,0.030394152494999948,0.3383392045,0.43983365249999995,1.0005772958545274,4178.919694620109,3304.995511314577
p[5],0.40030988763250003,0.399059575,0.028279798166403455,0.02783622271500001,0.3559559035,0.447807903,1.0009729447444957,3631.9187381131237,3042.9534695718125
p[6],0.3651059798475,0.36604939999999997,0.03205746811826378,0.03238695221999999,0.310875574,0.41640078649999995,1.0004800462368102,3556.9385416381338,3034.9169875281004
p[7],0.3508568690075,0.3526334,0.03468147732793795,0.035719206914999996,0.29208356300000005,0.40469735849999994,1.0000458946335653,2593.898939279482,2964.325212201803
p[8],0.3861495185175,0.386007345,0.025808884507654,0.025519919669999964,0.343457081,0.4291530315,1.0019355158438972,4896.196477780538,3410.2607559898092
p[9],0.4352756261675,0.431245585,0.04427184415693333,0.04462462172699998,0.37042298149999997,0.5141638909999999,1.0011327442303752,2508.8010157827066,2679.7287980208257
p[10],0.455387786415,0.453354345,0.042236303422970814,0.042922997229,0.3886667555,0.5271608855000001,1.001017007809063,1751.4610237516333,2059.257319860483
p[11],0.3930222061275,0.39142773,0.03609671585347703,0.03388586081999997,0.3348064915,0.455685728,1.0008737761479025,3777.6472395881297,3010.0372108922484
p[12],0.406699138695,0.40560061999999997,0.029701104228187544,0.02933819288400002,0.3594834275,0.456597258,1.000482540392266,3738.4174945734085,3123.1068602031514
p[13],0.421027387235,0.418927755,0.03390784742157976,0.03362464152600002,0.368813342,0.4796852579999999,1.0004904313615368,2874.9188642180593,3093.972117395028
p[14],0.3942089007925,0.39400328,0.032100237991822905,0.030301000736999966,0.3409272055,0.44812809950000004,1.001063257062137,4185.590070383908,2837.1576574199967
p[15],0.38241527943,0.382433635,0.027523945996832777,0.027097309700999987,0.336812043,0.428039161,1.0003867333846244,3792.961558787446,2681.726851006817
p[16],0.4142650381975,0.41278784,0.03233206221438081,0.03223583080199999,0.364350403,0.470071403,1.0005695475506016,3509.151638754593,3394.474323072631
p[17],0.3674140720225,0.36842092,0.03303599754390626,0.032755445037000015,0.3111328805,0.41939147649999997,1.0008514024112163,3643.8442869741752,3301.5206758036757
p[18],0.3687506766475,0.37007670000000004,0.02987709828718657,0.030420594666000063,0.31904685,0.41631621449999995,1.0008421825272587,3132.370827294886,2889.5072225599324
p[19],0.2800194744575,0.280367195,0.025765256158781776,0.026010185838000046,0.23825848500000002,0.32267975749999994,1.0001584764464155,4250.149850832951,3451.4523997274396
p[20],0.2586798810925,0.258572225,0.025817786855548815,0.026487827666999985,0.215689234,0.30087656849999994,1.001742755207766,2578.4969485130146,2453.7645004437422
p[21],0.302208069305,0.301170715,0.025639727381795218,0.025224889682999994,0.26278702,0.34648565299999995,1.0019561623250075,4988.078086374039,3227.9572328239237
p[22],0.29571827465,0.295314205,0.026884129838532927,0.026568266130000028,0.25287359800000003,0.340934492,1.000413017889753,5023.529429595012,3443.8596390149623
p[23],0.3062214618425,0.30522778,0.024715676581730087,0.02494333653000001,0.2673344595,0.34813457449999996,1.0009940854659445,5104.902342383681,3037.0704237902983
p[24],0.2755474935225,0.276049005,0.026944482646590807,0.027211803486000007,0.2302917625,0.3196242145,1.0003289056433662,4512.867702393245,3366.7669053796158
p[25],0.26337558508,0.26403984,0.02862746804662548,0.02902625384399994,0.2150513945,0.309122088,0.9999098275192467,2761.2062159305233,3100.683403420366
p[26],0.293795118125,0.29309466500000003,0.024077800691467078,0.02386062340199997,0.25578798799999997,0.3342767315,1.0010110441428994,5023.775121907947,3474.274293495824
p[27],0.337971379345,0.33370972,0.03953049999719176,0.04029088555800001,0.2816364665,0.40861201799999997,1.0000108033393889,3162.129754355818,2984.8346442417583
p[28],0.3564214276575,0.35518901999999997,0.039320742961509246,0.04006700554500004,0.296513724,0.425044908,1.000282380784967,2023.1065567881437,2306.574186573136
p[29],0.2998951056375,0.29860188,0.03035675094733761,0.02826282603899998,0.2507695545,0.3523100835,1.0012591752217568,5156.105899379982,3340.294789793993
p[30],0.311936969145,0.30990750499999997,0.026657269730679268,0.02579064984300001,0.27092695699999997,0.35706135699999997,1.0014881545980714,5267.812946991337,3567.236357828713
p[31],0.324879760435,0.322101045,0.03143356482274159,0.031185972090000062,0.2774685835,0.37918456899999997,1.0002604849444245,3477.8079648251883,3363.3893929382884
p[32],0.300905732245,0.30004474000000003,0.027887332037170462,0.027077568882000008,0.257071718,0.3482946705,1.0018519609595702,4985.596547591083,3331.3084336937727
p[33],0.290465373005,0.29045845,0.023335353024531186,0.02261701852200001,0.253152072,0.329291098,1.0006721884119887,5350.2375895010455,3414.80618828503
p[34],0.3187434020625,0.316829475,0.029066865931198095,0.028352560404000072,0.273880006,0.370077032,1.0002028833967538,4077.475037700177,3381.8379235449697
p[35],0.27758395033,0.27811635,0.02835529672732235,0.02761626417900003,0.2296571035,0.3242887765,1.0013794779216894,3762.3019610604915,3277.2119555074887
p[36],0.2786705916925,0.27887422500000003,0.02557921959490566,0.025640455050000014,0.23627743399999998,0.32022784949999994,1.0002310889030048,4053.5295487478184,3116.112460520453
p[37],0.2545923639775,0.25463037499999996,0.026407336559214564,0.026664323784000042,0.211266181,0.297262624,1.0004664999001502,4293.957489888681,2874.3131630931257
p[38],0.2345325731825,0.234312985,0.02561548282964242,0.026178238548000003,0.192093272,0.2771819865,1.0011316052768933,3068.1911060743478,3017.1917146350975
p[39],0.2754977843375,0.27437325999999995,0.02642950516372777,0.025559097375,0.2346565265,0.3203291975,1.0013701747649657,4482.612275489011,3463.8298620062656
p[40],0.26937835925,0.268551145,0.027548457728807447,0.026496248834999996,0.225545945,0.316830671,1.0000016450110214,4664.6640118283085,3447.8868661102947
p[41],0.2792657741375,0.278047025,0.025218282565626398,0.024602501615999993,0.2402897525,0.32320074849999997,1.000056289406511,5212.440659642008,3483.523820369434
p[42],0.2503227658475,0.25035295999999996,0.02642387689900491,0.026769314103000003,0.20655470299999998,0.29264795250000003,1.000397130248903,4652.181121882186,3375.2241916676517
p[43],0.2388640681,0.239255095,0.027162856034188058,0.027470606141999993,0.193099682,0.2828729655,1.0002144306011223,3158.259423893454,3295.1273594102513
p[44],0.267497602355,0.267512905,0.024127689554489323,0.023993849838000004,0.22810328300000002,0.30767158899999997,0.9999087598978513,4794.162276306993,3325.3627243120554
p[45],0.30950564776,0.305819525,0.03811931821778127,0.03867208650900002,0.2541506535,0.37776143049999994,1.000744212916749,3183.7648967637047,3022.2972516788245
p[46],0.3272082855475,0.325260255,0.03890677073620167,0.04021619958299999,0.267625224,0.394266205,1.0000281044917052,1918.446727148682,2417.70206587832
p[47],0.2733590988825,0.27165937,0.030806159128499086,0.028898698353000005,0.2259064735,0.3274364819999999,1.0003845057569039,4997.357048127098,3384.275269548134
p[48],0.28467962465,0.28344873000000004,0.026692716973778764,0.026146332996000027,0.24333263400000002,0.330641774,1.0003748536345103,4819.8017264276,3563.651648745168
p[49],0.2970523626425,0.29427970999999997,0.031971328121038096,0.031940400512999984,0.249551822,0.35203819049999996,1.0000563184147124,3178.283595841273,3351.7950725927426
p[50],0.2743271455925,0.273077275,0.029100752887215874,0.027100771571999978,0.229258405,0.32341289599999995,1.0016825909145408,5097.092757243793,3047.937172823418
p[51],0.264347420215,0.26408001999999997,0.023424277674087064,0.023274907446000005,0.226901991,0.304273391,1.0004575139875318,5311.219902330486,3102.9249051328184
p[52],0.291171878055,0.28890410499999997,0.029322190805626397,0.028168124964000035,0.24708423650000003,0.3429962545,1.0005690891071866,3711.6491300071266,3382.7144711290166
p[53],0.2522727483725,0.25311598,0.02792653124533515,0.028131223050000015,0.2055400185,0.296769081,1.000561941377573,3804.550090769606,3038.3606032482994
p[54],0.2532225057375,0.25302206,0.02483492279568219,0.025103627828999997,0.21151859350000002,0.293209532,1.001238094514904,4389.2654334185245,3512.9962334786846
